{
  "step": [
    1,
    2,
    3,
    4,
    5,
    6,
    7,
    8,
    9,
    10,
    11,
    12,
    13,
    14,
    15,
    16,
    17,
    18,
    19,
    20
  ],
  "epoch": [
    1,
    2,
    3,
    4,
    5,
    6,
    7,
    8,
    9,
    10,
    11,
    12,
    13,
    14,
    15,
    16,
    17,
    18,
    19,
    20
  ],
  "train_loss": [
    3.0825228691101074,
    3.037154197692871,
    2.6788105964660645,
    2.5753867626190186,
    2.1424806118011475,
    1.8353558778762817,
    1.6516029834747314,
    1.3475620746612549,
    1.4981783628463745,
    1.151356816291809,
    1.050345778465271,
    0.8873624801635742,
    0.7802121639251709,
    0.5802690386772156,
    0.6249646544456482,
    0.4439045786857605,
    0.5579782724380493,
    0.578769862651825,
    0.29176610708236694,
    0.29334598779678345
  ],
  "train_acc": [
    0.0476190485060215,
    0.0476190485060215,
    0.095238097012043,
    0.1428571492433548,
    0.1428571492433548,
    0.4285714328289032,
    0.380952388048172,
    0.523809552192688,
    0.2857142984867096,
    0.4761904776096344,
    0.7142857313156128,
    0.6666666865348816,
    0.7142857313156128,
    0.9523809552192688,
    0.8095238208770752,
    0.9523809552192688,
    0.8095238208770752,
    0.761904776096344,
    0.9523809552192688,
    1.0
  ],
  "val_loss": [
    2.187072277069092,
    2.1411585807800293,
    2.1012303829193115,
    2.1183297634124756,
    2.202204704284668,
    2.3749520778656006,
    2.5962352752685547,
    2.8045074939727783,
    2.9431910514831543,
    3.000199794769287,
    3.0976293087005615,
    3.2130813598632812,
    3.337890386581421,
    3.4601683616638184,
    3.6106925010681152,
    3.7559564113616943,
    3.8860104084014893,
    4.055919170379639,
    4.258547306060791,
    4.432608604431152
  ],
  "val_acc": [
    0.190476194024086,
    0.190476194024086,
    0.190476194024086,
    0.2857142984867096,
    0.190476194024086,
    0.1428571492433548,
    0.095238097012043,
    0.190476194024086,
    0.190476194024086,
    0.2380952388048172,
    0.2380952388048172,
    0.2857142984867096,
    0.3333333432674408,
    0.3333333432674408,
    0.3333333432674408,
    0.3333333432674408,
    0.3333333432674408,
    0.3333333432674408,
    0.3333333432674408,
    0.3333333432674408
  ],
  "lr": [
    0.00010000000474974513,
    0.00020000000949949026,
    0.0003000000142492354,
    0.0004000000189989805,
    0.0005000000237487257,
    0.0006000000284984708,
    0.0007000000332482159,
    0.000800000037997961,
    0.0009000000427477062,
    0.0010000000474974513,
    0.0010000000474974513,
    0.0010000000474974513,
    0.0010000000474974513,
    0.0010000000474974513,
    0.0010000000474974513,
    0.0010000000474974513,
    0.0010000000474974513,
    0.0010000000474974513,
    0.0010000000474974513,
    0.0010000000474974513
  ],
  "weight_norm": [
    63.17378616333008,
    63.262351989746094,
    63.407737731933594,
    63.60956954956055,
    63.867488861083984,
    64.18132019042969,
    64.55038452148438,
    64.9736328125,
    65.44989013671875,
    65.9782943725586,
    66.5577621459961,
    67.19220733642578,
    67.8802490234375,
    68.62015533447266,
    69.41021728515625,
    70.24862670898438,
    71.1334457397461,
    72.06298828125,
    73.03562927246094,
    74.04961395263672
  ]
}