{
  "weight_statistics": {
    "teacher": {
      "L0": 550263,
      "L1": 15805.384880065918,
      "L2": 30.90546226501465,
      "total_params": 550272,
      "sparsity": 1.635554780177184e-05
    },
    "student_logit": {
      "L0": 144063,
      "L1": 7079.816297531128,
      "L2": 29.15009117126465,
      "total_params": 144064,
      "sparsity": 6.941359395828961e-06
    },
    "student_attention": {
      "L0": 144059,
      "L1": 6364.967908859253,
      "L2": 25.34528160095215,
      "total_params": 144064,
      "sparsity": 3.4706796979144805e-05
    },
    "student_feature": {
      "L0": 144063,
      "L1": 6474.375448226929,
      "L2": 26.718124389648438,
      "total_params": 144064,
      "sparsity": 6.941359395828961e-06
    }
  },
  "cka_scores": {
    "layer_0": {
      "logit": 0.9244585633277893,
      "attention": 0.8950212001800537,
      "feature": 0.9066348671913147
    },
    "layer_1": {
      "logit": 0.5932737588882446,
      "attention": 0.6771916151046753,
      "feature": 0.6082950234413147
    }
  },
  "effective_ranks": {
    "layer_0": {
      "teacher": 38.66232681274414,
      "logit": 25.838489532470703,
      "attention": 24.05228614807129,
      "feature": 19.691011428833008
    },
    "layer_1": {
      "teacher": 41.22697448730469,
      "logit": 30.664901733398438,
      "attention": 26.625205993652344,
      "feature": 25.319904327392578
    }
  },
  "attention_entropies": {
    "layer_0": {
      "teacher": 0.7680975794792175,
      "logit": 0.778822660446167,
      "attention": 0.7805861234664917,
      "feature": 0.7638759016990662
    },
    "layer_1": {
      "teacher": 0.5242469906806946,
      "logit": 0.45025014877319336,
      "attention": 0.483921617269516,
      "feature": 0.6114106178283691
    }
  }
}